{"count":1,"gauges":{},"self":1.8958845999999998,"total":1.9028791999999999,"children":{"AgentSendState":{"count":53,"self":0.0039964,"total":0.0039964,"children":null},"DecideAction":{"count":53,"self":0.00099899999999999989,"total":0.00099899999999999989,"children":null},"AgentAct":{"count":53,"self":0,"total":0,"children":null}}}