{"count":1,"gauges":{"HackTrickLearning.CumulativeReward":{"count":738,"max":30.5,"min":-5,"value":6,"weightedAverage":9.367312}},"self":180.5904128,"total":200.4874042,"children":{"AgentSendState":{"count":22884,"self":0.468686,"total":0.89930389999999993,"children":{"CollectObservations":{"count":5301,"self":0.1209518,"total":0.1209518,"children":null},"CollectDiscreteActionMasks":{"count":5301,"self":0.10385989999999999,"total":0.10385989999999999,"children":null},"AgentInfo.ToProto":{"count":5301,"self":0.12087289999999999,"total":0.2058062,"children":{"GenerateSensorData":{"count":5301,"self":0.084933299999999989,"total":0.084933299999999989,"children":null}}}}},"DecideAction":{"count":22884,"self":14.6835808,"total":14.683580599999999,"children":null},"AgentAct":{"count":22884,"self":4.283126,"total":4.283126,"children":null},"AgentInfo.ToProto":{"count":738,"self":0.0209804,"total":0.028976,"children":{"GenerateSensorData":{"count":738,"self":0.0079956,"total":0.0079956,"children":null}}}}}