{"count":1,"gauges":{},"self":147.24852479999998,"total":147.5684527,"children":{"AgentSendState":{"count":7367,"self":0.1689726,"total":0.1689726,"children":null},"DecideAction":{"count":7367,"self":0.09397,"total":0.09397,"children":null},"AgentAct":{"count":7367,"self":0.0549816,"total":0.0549816,"children":null}}}