{"count":1,"gauges":{},"self":38.4446528,"total":38.5885701,"children":{"AgentSendState":{"count":1825,"self":0.0379805,"total":0.041975399999999996,"children":{"CollectObservations":{"count":4,"self":0.0019967,"total":0.0019967,"children":null},"CollectDiscreteActionMasks":{"count":4,"self":0.0019982,"total":0.0019982,"children":null}}},"DecideAction":{"count":1825,"self":0.08095369999999999,"total":0.08095369999999999,"children":null},"AgentAct":{"count":1825,"self":0.0189882,"total":0.0189882,"children":null}}}