{"count":1,"gauges":{"HackTrickLearning.CumulativeReward":{"count":72,"max":32.5,"min":-20,"value":14.5,"weightedAverage":6.24222136}},"self":27.3344,"total":29.6528961,"children":{"AgentSendState":{"count":1425,"self":0.0518758,"total":0.0838661,"children":{"CollectObservations":{"count":602,"self":0.020989499999999998,"total":0.020989499999999998,"children":null},"CollectDiscreteActionMasks":{"count":602,"self":0.0110008,"total":0.0110008,"children":null}}},"DecideAction":{"count":1425,"self":1.87892,"total":1.8789198999999999,"children":null},"AgentAct":{"count":1425,"self":0.35471189999999997,"total":0.35471189999999997,"children":null}}}