{"count":1,"gauges":{},"self":16.9063792,"total":16.9876346,"children":{"AgentSendState":{"count":793,"self":0.029124999999999998,"total":0.074257999999999991,"children":{"CollectObservations":{"count":542,"self":0.045133,"total":0.045133,"children":null}}},"DecideAction":{"count":251,"self":0.004998,"total":0.004998,"children":null},"AgentAct":{"count":251,"self":0.0009994,"total":0.0009994,"children":null}}}