{"count":1,"gauges":{"HackTrickLearning.CumulativeReward":{"count":80,"max":31,"min":-17,"value":-12,"weightedAverage":-12.6662922}},"self":15.060715199999999,"total":16.8075719,"children":{"AgentSendState":{"count":772,"self":0.0439019,"total":0.0708949,"children":{"CollectObservations":{"count":476,"self":0.0149939,"total":0.0149939,"children":null},"CollectDiscreteActionMasks":{"count":476,"self":0.011999099999999999,"total":0.011999099999999999,"children":null}}},"DecideAction":{"count":772,"self":1.0992707,"total":1.0992707,"children":null},"AgentAct":{"count":772,"self":0.57569229999999993,"total":0.57569229999999993,"children":null}}}