{"count":1,"gauges":{},"self":190.4834688,"total":190.81529749999999,"children":{"AgentSendState":{"count":7127,"self":0.1379349,"total":0.1429318,"children":{"CollectObservations":{"count":9,"self":0.0039971,"total":0.0039971,"children":null},"CollectDiscreteActionMasks":{"count":9,"self":0.0009998,"total":0.0009998,"children":null}}},"DecideAction":{"count":7127,"self":0.1409363,"total":0.1409363,"children":null},"AgentAct":{"count":7127,"self":0.046967499999999995,"total":0.046967499999999995,"children":null}}}