{"count":1,"gauges":{},"self":2.9771547999999997,"total":2.9861527999999997,"children":{"AgentSendState":{"count":112,"self":0.0039987999999999994,"total":0.0039987999999999994,"children":null},"DecideAction":{"count":112,"self":0.0019988,"total":0.0019988,"children":null},"AgentAct":{"count":112,"self":0.0010011,"total":0.0010011,"children":null}}}