{"count":1,"gauges":{},"self":28.927728,"total":29.188572599999997,"children":{"AgentSendState":{"count":1331,"self":0.0269879,"total":0.029986,"children":{"CollectObservations":{"count":2,"self":0.0019982999999999997,"total":0.0019982999999999997,"children":null},"CollectDiscreteActionMasks":{"count":2,"self":0.0009998,"total":0.0009998,"children":null}}},"DecideAction":{"count":1331,"self":0.2188645,"total":0.2188645,"children":null},"AgentAct":{"count":1331,"self":0.0099956,"total":0.0099956,"children":null}}}