{"count":1,"gauges":{"HackTrickLearning.CumulativeReward":{"count":18995,"max":20,"min":-55,"value":-13,"weightedAverage":-8.70227}},"self":2110.8625408,"total":2479.1317297,"children":{"AgentSendState":{"count":242617,"self":6.6603768,"total":14.3119091,"children":{"CollectObservations":{"count":97446,"self":2.0628138,"total":2.0628138,"children":null},"CollectDiscreteActionMasks":{"count":97446,"self":1.7200444,"total":1.7200444,"children":null},"AgentInfo.ToProto":{"count":97446,"self":2.1947166,"total":3.8686743,"children":{"GenerateSensorData":{"count":97446,"self":1.6739576999999999,"total":1.6739576999999999,"children":null}}}}},"DecideAction":{"count":242617,"self":253.6028672,"total":253.6028742,"children":null},"AgentAct":{"count":242617,"self":99.3084992,"total":99.308499,"children":null},"AgentInfo.ToProto":{"count":18995,"self":0.659723,"total":1.0449215,"children":{"GenerateSensorData":{"count":18995,"self":0.3851985,"total":0.3851985,"children":null}}}}}