{"count":1,"gauges":{"HackTrickLearning.CumulativeReward":{"count":2,"max":10,"min":-10,"value":-10,"weightedAverage":5}},"self":57.0555008,"total":57.237357499999995,"children":{"AgentSendState":{"count":2817,"self":0.058948799999999996,"total":0.058948799999999996,"children":null},"DecideAction":{"count":2817,"self":0.1009342,"total":0.1009342,"children":null},"AgentAct":{"count":2817,"self":0.020975399999999998,"total":0.020975399999999998,"children":null}}}