{"count":1,"gauges":{},"self":71.722687999999991,"total":71.962548599999991,"children":{"AgentSendState":{"count":3526,"self":0.0759582,"total":0.079955699999999991,"children":{"CollectObservations":{"count":8,"self":0.0029982,"total":0.0029982,"children":null},"CollectDiscreteActionMasks":{"count":8,"self":0.0009993,"total":0.0009993,"children":null}}},"DecideAction":{"count":3526,"self":0.11992789999999999,"total":0.11992789999999999,"children":null},"AgentAct":{"count":3526,"self":0.03898,"total":0.03898,"children":null}}}