{"count":1,"gauges":{},"self":36.0696928,"total":36.2415905,"children":{"AgentSendState":{"count":1753,"self":0.0379756,"total":0.041974,"children":{"CollectObservations":{"count":3,"self":0.0029977999999999997,"total":0.0029977999999999997,"children":null},"CollectDiscreteActionMasks":{"count":3,"self":0.0010006,"total":0.0010006,"children":null}}},"DecideAction":{"count":1753,"self":0.113935,"total":0.113935,"children":null},"AgentAct":{"count":1753,"self":0.0139913,"total":0.0139913,"children":null}}}