{"count":1,"gauges":{},"self":29.41896,"total":29.466929999999998,"children":{"AgentSendState":{"count":396,"self":0.0159908,"total":0.0159908,"children":null},"DecideAction":{"count":396,"self":0.0179888,"total":0.0179888,"children":null},"AgentAct":{"count":396,"self":0.0089965,"total":0.0089965,"children":null}}}