{"count":1,"gauges":{},"self":256.854784,"total":257.51274109999997,"children":{"AgentSendState":{"count":12117,"self":0.289053,"total":0.29305129999999996,"children":{"CollectObservations":{"count":26,"self":0.0019990999999999997,"total":0.0019990999999999997,"children":null},"CollectDiscreteActionMasks":{"count":26,"self":0.0019992,"total":0.0019992,"children":null}}},"DecideAction":{"count":12117,"self":0.2429867,"total":0.2429867,"children":null},"AgentAct":{"count":12117,"self":0.12092309999999999,"total":0.12092309999999999,"children":null}}}